[
    {
        "timestamp": "20240425_133756",
        "text": "Hello, welcome to Microsoft's Text to Speech API demo.",
        "audio_path": "tts/output_20240425_133756.wav"
    },
    {
        "timestamp": "20240425_134003",
        "text": "Hello, welcome to Microsoft's Text to Speech API demo.",
        "audio_path": "tts/output_20240425_134003.wav"
    },
    {
        "timestamp": "20240425_134043",
        "text": "\u4f60\u597d\uff0c\u6b22\u8fce\u6765\u5230Closeby-AI\u5c55\u53f0.",
        "audio_path": "tts/output_20240425_134043.wav"
    },
    {
        "timestamp": "20240425_134430",
        "text": "\u4f60\u597d\uff0c\u6b22\u8fce\u6765\u5230Beyond\u6251\u514b\u6559\u5b66.",
        "audio_path": "tts/output_20240425_134430.wav"
    },
    {
        "timestamp": "20240425_134611",
        "text": "\u4f60\u597d\uff0c\u6b22\u8fce\u6765\u5230Beyond\u6251\u514b\u6559\u5b66.",
        "audio_path": "tts/output_20240425_134611.wav"
    },
    {
        "timestamp": "20240425_134618",
        "text": "\u4f60\u597d\uff0c\u6b22\u8fce\u6765\u5230Beyond\u6251\u514b\u6559\u5b66.",
        "audio_path": "tts/output_20240425_134618.wav"
    },
    {
        "timestamp": "20240425_134658",
        "text": "Hello! How can I assist you today?",
        "audio_path": "tts/output_20240425_134658.wav"
    },
    {
        "timestamp": "20240425_134954",
        "text": "\u4f60\u597d\uff0c\u6b22\u8fce\u6765\u5230Closeby-AI\u5c55\u53f0.",
        "audio_path": "tts/output_20240425_134954.wav",
        "language": "yue-CN"
    },
    {
        "timestamp": "20240425_135302",
        "text": "\u4f60\u597d\uff0c\u6b22\u8fce\u6765\u5230Closeby-AI\u5c55\u53f0.",
        "audio_path": "tts/output_20240425_135302.wav",
        "language": "yue-CN"
    },
    {
        "timestamp": "20240425_141339",
        "text": "\u4f60\u597d\uff0c\u6b22\u8fce\u6765\u5230Closeby-AI\u5c55\u53f0.",
        "audio_path": "tts/output_20240425_141339.wav",
        "language": "zh-HK"
    },
    {
        "timestamp": "20240425_141441",
        "text": "\u4f60\u597d\uff0c\u6b22\u8fce\u6765\u5230Closeby-AI\u5c55\u53f0.",
        "audio_path": "tts/output_20240425_141441.wav",
        "language": "yue-CN"
    },
    {
        "timestamp": "20240425_142650",
        "text": "Hello! How can I assist you today?",
        "audio_path": "tts/output_20240425_142650.wav",
        "language": "en-US"
    },
    {
        "timestamp": "20240425_142701",
        "text": "\u975e\u5e38\u597d\uff01\u5b66\u4e60\u6251\u514b\u662f\u4e00\u9879\u6709\u8da3\u4e14\u5177\u6709\u6311\u6218\u6027\u7684\u6280\u80fd\u3002\u4f5c\u4e3a\u4e00\u540d\u4e13\u4e1a\u7684\u5f97\u514b\u8428\u65af\u6251\u514b\u9009\u624b\u548c\u5bfc\u5e08\uff0c\u6211\u5f88\u4e50\u610f\u5e2e\u52a9\u4f60\u5b66\u4e60\u6251\u514b\u3002\n\n\u9996\u5148\uff0c\u6211\u4eec\u53ef\u4ee5\u4ece\u6700\u57fa\u672c\u7684\u89c4\u5219\u5f00\u59cb\u3002\u5f97\u514b\u8428\u65af\u6251\u514b\u662f\u4e00\u79cd\u73a9\u5bb6\u4e4b\u95f4\u8fdb\u884c\u7684\u7eb8\u724c\u6e38\u620f\uff0c\u76ee\u6807\u662f\u5728\u624b\u724c\u548c\u516c\u5171\u724c\u7684\u7ec4\u5408\u4e2d\u83b7\u5f97\u6700\u597d\u7684\u724c\u578b\u3002\u6e38\u620f\u901a\u5e38\u6709\u4e24",
        "audio_path": "tts/output_20240425_142701.wav",
        "language": "en-US"
    }
]